<?xml version="1.0" encoding="utf-8" standalone="yes" ?>
<rss version="2.0" xmlns:atom="http://www.w3.org/2005/Atom">
  <channel>
    <title>Sneha</title>
    <link>https://example.org/</link>
    <description>Recent content on Sneha</description>
    <generator>Hugo -- gohugo.io</generator>
    <language>en-us</language>
    <copyright>&amp;copy;2016 Your name or company</copyright>
    <lastBuildDate>Sat, 05 Nov 2016 19:41:01 +0530</lastBuildDate>
    
	<atom:link href="https://example.org/index.xml" rel="self" type="application/rss+xml" />
    
    
    <item>
      <title>Home Decor</title>
      <link>https://example.org/portfolio/work2/</link>
      <pubDate>Sat, 05 Nov 2016 19:41:01 +0530</pubDate>
      
      <guid>https://example.org/portfolio/work2/</guid>
      <description>&lt;p&gt;Designing is like a life for designers. For a great designer, it is essential to keep an eye on all tiny details, infographics, and so forth. Designers should be passionate about new ideas, and new experiments.
&lt;/p&gt;</description>
    </item>
    
    <item>
      <title>SARA Airlines</title>
      <link>https://example.org/portfolio/work3/</link>
      <pubDate>Sat, 05 Nov 2016 19:44:32 +0530</pubDate>
      
      <guid>https://example.org/portfolio/work3/</guid>
      <description>&lt;p&gt;If you want to become a good UX/UI designer: &lt;i&gt;Have Idea and Be Focus.&lt;/i&gt;
&lt;/p&gt;</description>
    </item>
    
    <item>
      <title>Item without image</title>
      <link>https://example.org/portfolio/work4/</link>
      <pubDate>Sat, 05 Nov 2016 19:50:47 +0530</pubDate>
      
      <guid>https://example.org/portfolio/work4/</guid>
      <description>&lt;p&gt;Far far away, behind the word mountains, far from the countries Vokalia and Consonantia, there live the blind texts. A small river named Duden flows by their place and supplies it with the necessary regelialia. It is a paradisematic country, in which roasted parts of sentences fly into your mouth.
&lt;/p&gt;</description>
    </item>
    
    <item>
      <title>Name of the work 5</title>
      <link>https://example.org/portfolio/work5/</link>
      <pubDate>Sat, 05 Nov 2016 19:53:42 +0530</pubDate>
      
      <guid>https://example.org/portfolio/work5/</guid>
      <description>&lt;p&gt;Fifth abundantly made Give sixth hath. Cattle creature i be don&amp;rsquo;t them.
&lt;/p&gt;</description>
    </item>
    
    <item>
      <title>Name of the work 6</title>
      <link>https://example.org/portfolio/work6/</link>
      <pubDate>Sat, 05 Nov 2016 19:56:17 +0530</pubDate>
      
      <guid>https://example.org/portfolio/work6/</guid>
      <description>&lt;p&gt;Fifth abundantly made Give sixth hath. Cattle creature i be don&amp;rsquo;t them.
&lt;/p&gt;</description>
    </item>
    
    <item>
      <title>Name of the work 7</title>
      <link>https://example.org/portfolio/work7/</link>
      <pubDate>Sat, 05 Nov 2016 19:57:40 +0530</pubDate>
      
      <guid>https://example.org/portfolio/work7/</guid>
      <description>&lt;p&gt;Fifth abundantly made Give sixth hath. Cattle creature i be don&amp;rsquo;t them.
&lt;/p&gt;</description>
    </item>
    
    <item>
      <title>Name of the work 8</title>
      <link>https://example.org/portfolio/work8/</link>
      <pubDate>Sat, 05 Nov 2016 19:59:22 +0530</pubDate>
      
      <guid>https://example.org/portfolio/work8/</guid>
      <description>&lt;p&gt;Fifth abundantly made Give sixth hath. Cattle creature i be don&amp;rsquo;t them.
&lt;/p&gt;</description>
    </item>
    
    <item>
      <title>Item with image</title>
      <link>https://example.org/portfolio/work9/</link>
      <pubDate>Sat, 05 Nov 2016 20:02:19 +0530</pubDate>
      
      <guid>https://example.org/portfolio/work9/</guid>
      <description>&lt;p&gt;Far far away, behind the word mountains, far from the countries Vokalia and Consonantia, there live the blind texts. A small river named Duden flows by their place and supplies it with the necessary regelialia. It is a paradisematic country, in which roasted parts of sentences fly into your mouth.
&lt;/p&gt;</description>
    </item>
    
    <item>
      <title>Item with image</title>
      <link>https://example.org/portfolio/work10/</link>
      <pubDate>Sat, 05 Nov 2016 20:22:08 +0530</pubDate>
      
      <guid>https://example.org/portfolio/work10/</guid>
      <description>&lt;p&gt;Far far away, behind the word mountains, far from the countries Vokalia and Consonantia, there live the blind texts. A small river named Duden flows by their place and supplies it with the necessary regelialia. It is a paradisematic country, in which roasted parts of sentences fly into your mouth.
&lt;/p&gt;</description>
    </item>
    
    <item>
      <title>Item with image</title>
      <link>https://example.org/portfolio/work11/</link>
      <pubDate>Sat, 05 Nov 2016 20:23:59 +0530</pubDate>
      
      <guid>https://example.org/portfolio/work11/</guid>
      <description>&lt;p&gt;Far far away, behind the word mountains, far from the countries Vokalia and Consonantia, there live the blind texts. A small river named Duden flows by their place and supplies it with the necessary regelialia. It is a paradisematic country, in which roasted parts of sentences fly into your mouth.
&lt;/p&gt;</description>
    </item>
    
    <item>
      <title>Name of the work 1</title>
      <link>https://example.org/portfolio/work1/</link>
      <pubDate>Sat, 05 Nov 2016 18:25:22 +0530</pubDate>
      
      <guid>https://example.org/portfolio/work1/</guid>
      <description>&lt;p&gt;Even the all-powerful Pointing has no control about the blind texts it is an almost unorthographic life. One day however a small line of blind text by the name of Lorem Ipsum decided to leave for the far World of Grammar.
&lt;/p&gt;</description>
    </item>
    
  </channel>
</rss>