<?xml version="1.0" encoding="utf-8" standalone="yes" ?>
<rss version="2.0" xmlns:atom="http://www.w3.org/2005/Atom">
  <channel>
    <title>Role of colors in Web designing - Case study</title>
    <link>http://ssneha4.com/</link>
    <description>Recent content on Role of colors in Web designing - Case study</description>
    <generator>Hugo -- gohugo.io</generator>
    <language>en-us</language>
    <lastBuildDate>Sat, 30 Sep 2017 21:08:18 -0700</lastBuildDate>
    
	<atom:link href="http://ssneha4.com/index.xml" rel="self" type="application/rss+xml" />
    
    
    <item>
      <title>Flat design: The new achievement of designers</title>
      <link>http://ssneha4.com/flat-design/chapter-2/</link>
      <pubDate>Sat, 30 Sep 2017 21:08:18 -0700</pubDate>
      
      <guid>http://ssneha4.com/flat-design/chapter-2/</guid>
      <description>Source: www.pixabay.com/en/gui-interface-internet-program-2457113
A lot of new trends can be seen, when you hear about Web design these days. Some of the most famous trends are chosen by the Web designers, Ux designers, Graphic designers, and so on.
As it is an era of technology, peeps are choosing different and modern styles in their inventions. Some years ago, designers were exploring more and more about three-dimensional activities.
Especially, in the case of designing, they like to provide drop shadows, stylistic characters, gradients, textures and another type of designs to make an element three-dimensional.</description>
    </item>
    
    <item>
      <title>Role of colors in Web designing – Case study</title>
      <link>http://ssneha4.com/color/chapter-1/</link>
      <pubDate>Sat, 30 Sep 2017 21:08:18 -0700</pubDate>
      
      <guid>http://ssneha4.com/color/chapter-1/</guid>
      <description>In today’s era of designing, colors play an imperative role to make your website successful. Colors make the first impression on the visitors’ mind that what is your website about? And what your brand describes?
So, choosing a right palette of colors for websites is an indispensable step to make it more professional, elegant, and successful. Always remember, if you are unable to choose the right colors for your website, you may lose your customers forever and this will create the deterrent impact on your business as well as the position in the market.</description>
    </item>
    
  </channel>
</rss>