<?xml version="1.0" encoding="utf-8" standalone="yes" ?>
<rss version="2.0" xmlns:atom="http://www.w3.org/2005/Atom">
  <channel>
    <title>Tags on Sneha</title>
    <link>https://example.org/tags/</link>
    <description>Recent content in Tags on Sneha</description>
    <generator>Hugo -- gohugo.io</generator>
    <language>en-us</language>
    <copyright>&amp;copy;2016 Your name or company</copyright>
    
	<atom:link href="https://example.org/tags/index.xml" rel="self" type="application/rss+xml" />
    
    
  </channel>
</rss>