<?xml version="1.0" encoding="utf-8" standalone="yes" ?>
<rss version="2.0" xmlns:atom="http://www.w3.org/2005/Atom">
  <channel>
    <title>Get in touch on Sneha</title>
    <link>https://example.org/contact/</link>
    <description>Recent content in Get in touch on Sneha</description>
    <generator>Hugo -- gohugo.io</generator>
    <language>en-us</language>
    <copyright>&amp;copy;2016 Your name or company</copyright>
    <lastBuildDate>Sun, 06 Nov 2016 13:00:25 +0530</lastBuildDate>
    
	<atom:link href="https://example.org/contact/index.xml" rel="self" type="application/rss+xml" />
    
    
  </channel>
</rss>